{
  "C": 2.3331630548824074,
  "fit_intercept": 0.0,
  "max_iter": 604.0,
  "solver": 4.0,
  "tol": 1.0090702056229502e-05,
  "warm_start": 0.0
}